{"total_queries_asked":30,"_step":11,"test_accuracy":0.49,"_runtime":244,"_timestamp":1.7812211348987882e+09,"iteration":10,"test_nll":0.7133921264169847,"_wandb":{"runtime":244},"max_utility_found":-9.317983627319336}