{"max_utility_found":0.3878691494464874,"total_queries_asked":92,"_step":73,"_wandb":{"runtime":806},"test_nll":0.7333841605851545,"iteration":72,"_timestamp":1.7812651502697752e+09,"_runtime":806,"test_accuracy":0.48}