{"_wandb":{"runtime":15},"_runtime":15,"iteration":0,"max_utility_found":0.0843973308801651,"_timestamp":1.781452683327171e+09,"_step":0}