{"max_utility_found":0.3228735625743866,"_timestamp":1.781173453222852e+09,"_step":76,"iteration":76,"total_queries_asked":96,"_wandb":{"runtime":509},"_runtime":509}