{"_timestamp":1.7811807996725178e+09,"_wandb":{"runtime":5},"_runtime":5,"_step":0,"iteration":0,"max_utility_found":-168.10693359375}