{"iteration":0,"max_utility_found":0.0843973308801651,"_runtime":14,"_wandb":{"runtime":14},"_timestamp":1.7814527322078028e+09,"_step":0}