{"_wandb":{"runtime":84},"_runtime":84,"_step":0,"iteration":0,"max_utility_found":0.0843973308801651,"_timestamp":1.781453874600598e+09}