{"_runtime":266,"_wandb":{"runtime":266},"iteration":23,"max_utility_found":0.9700617790222168,"_timestamp":1.781186976080404e+09,"_step":23,"total_queries_asked":43}