{"_timestamp":1.781454576054722e+09,"_wandb":{"runtime":4},"_runtime":4,"_step":0,"iteration":0,"max_utility_found":-0.8488229817777644}