{"max_utility_found":-0.8488230109214783,"_timestamp":1.780958183635364e+09,"_step":0,"iteration":0,"_wandb":{"runtime":2},"_runtime":2}