{"max_utility_found":0.3878691494464874,"_timestamp":1.781263217248409e+09,"total_queries_asked":70,"_step":51,"test_accuracy":0.43,"_wandb":{"runtime":566},"test_nll":0.6931473349409971,"iteration":50,"_runtime":566}