{"test_accuracy":0.46,"total_queries_asked":35,"_step":16,"_timestamp":1.781187901986743e+09,"_wandb":{"runtime":149},"iteration":15,"test_nll":0.7182367835394704,"_runtime":149,"max_utility_found":-4.702760696411133}