{"max_utility_found":0.9759738445281982,"_timestamp":1.7811866817697668e+09,"total_queries_asked":39,"_wandb":{"runtime":159},"_runtime":159,"_step":19,"iteration":19}