{"total_queries_asked":70,"test_nll":0.6985712674766548,"_runtime":681,"max_utility_found":-2.3119406700134277,"test_accuracy":0.47,"_timestamp":1.781188601146061e+09,"_step":51,"iteration":50,"_wandb":{"runtime":681}}