{"_wandb":{"runtime":10},"_runtime":10,"iteration":0,"max_utility_found":0.0843973308801651,"_timestamp":1.781452399975538e+09,"_step":0}