{"max_utility_found":0.0843973308801651,"_timestamp":1.781453675958745e+09,"_wandb":{"runtime":160},"_runtime":160,"_step":0,"iteration":0}