{"max_utility_found":0.969694197177887,"_timestamp":1.781186498229686e+09,"total_queries_asked":24,"_wandb":{"runtime":71},"_runtime":71,"_step":4,"iteration":4}