{"_wandb":{"runtime":358},"iteration":100,"_timestamp":1.781459472530647e+09,"model_final_elbo":-0.2944707964708322,"_runtime":358,"total_queries_asked":120,"test_nll":0.6228424326108428,"outputscale":12.668651054583641,"_step":101,"mean_lengthscale":0.3289012888554956,"test_accuracy":0.763,"max_utility_found":-0.8488229817777644,"true_utility_at_post_mean":0.9967733142027009,"max_utility_found in queries":0.9965221008922436}