{"max_utility_found":-0.40695783495903015,"iteration":10,"_wandb":{"runtime":47},"test_accuracy":0.58,"total_queries_asked":30,"_step":11,"test_nll":0.6799256442732335,"_runtime":47,"_timestamp":1.781181621608374e+09}