{"_step":0,"_wandb":{"runtime":19},"_runtime":19,"iteration":0,"max_utility_found":0.0843973308801651,"_timestamp":1.781452082130347e+09}