{"max_utility_found":0.994753897190094,"total_queries_asked":170,"test_accuracy":0.52,"_timestamp":1.7812499764517279e+09,"_step":151,"_runtime":2544,"iteration":150,"test_nll":0.7095665147688173,"_wandb":{"runtime":2544}}