{"_step":0,"iteration":0,"max_utility_found":-0.8488229817777644,"_timestamp":1.78145774489253e+09,"_wandb":{"runtime":1},"_runtime":1}