{"_wandb":{"runtime":56},"_runtime":56,"iteration":0,"max_utility_found":0.0843973308801651,"_timestamp":1.78145452021102e+09,"_step":0}