{"_step":101,"total_queries_asked":121,"_wandb":{"runtime":1419},"_runtime":1419,"iteration":101,"max_utility_found":-122.21255493164062,"_timestamp":1.781184807866805e+09}