{"_timestamp":1.781180510094917e+09,"_step":150,"iteration":150,"total_queries_asked":170,"_runtime":1883,"_wandb":{"runtime":1883},"max_utility_found":0.9273020625114441}