{"_wandb":{"runtime":2},"_runtime":2,"iteration":0,"max_utility_found":-0.8488230109214783,"_timestamp":1.780955701682456e+09,"_step":0}