{"_wandb":{"runtime":4},"_runtime":4,"_step":0,"iteration":0,"max_utility_found":-0.8488230109214783,"_timestamp":1.781172759796416e+09}