{"_step":50,"iteration":50,"max_utility_found":0.2932004928588867,"_timestamp":1.780956371561559e+09,"total_queries_asked":70,"_runtime":299,"_wandb":{"runtime":299}}