{"_runtime":480,"_wandb":{"runtime":480},"max_utility_found":0.3878691494464874,"_timestamp":1.781198908794455e+09,"_step":25,"iteration":25,"total_queries_asked":45}