{"_timestamp":1.781117631350642e+09,"total_queries_asked":170,"_wandb":{"runtime":1262},"_runtime":1262,"_step":150,"iteration":150,"max_utility_found":0.9359708428382874}