{"iteration":61,"total_queries_asked":81,"_wandb":{"runtime":1831},"_runtime":1831,"max_utility_found":0.3878691494464874,"_timestamp":1.781191858925309e+09,"_step":61}