{"_step":0,"iteration":0,"max_utility_found":-0.8488229817777644,"_wandb":{"runtime":0},"_runtime":0,"_timestamp":1.7814574283954089e+09}