{"iteration":0,"max_utility_found":-0.8488230109214783,"_timestamp":1.7809584497781389e+09,"_wandb":{"runtime":2},"_runtime":2,"_step":0}