{"iteration":0,"max_utility_found":-9.321012496948242,"_wandb":{"runtime":9},"_runtime":9,"_timestamp":1.781187367202728e+09,"_step":0}