{"_runtime":43,"_step":10,"iteration":10,"max_utility_found":0.0005627193604595959,"_timestamp":1.7811815008900611e+09,"total_queries_asked":30,"_wandb":{"runtime":43}}