{"iteration":0,"_runtime":14,"_wandb":{"runtime":14},"max_utility_found":0.0843973308801651,"_timestamp":1.781452456718493e+09,"_step":0}