{"total_queries_asked":70,"_wandb":{"runtime":262},"_runtime":262,"_step":50,"iteration":50,"max_utility_found":0.32079875469207764,"_timestamp":1.780959046005079e+09}