{"_runtime":18782,"_timestamp":1.781239947236298e+09,"_step":289,"iteration":289,"max_utility_found":2.3435189723968506,"total_queries_asked":309,"_wandb":{"runtime":18782}}