{"_timestamp":1.78145279971151e+09,"_step":0,"_wandb":{"runtime":10},"_runtime":10,"iteration":0,"max_utility_found":0.0843973308801651}