{"_wandb":{"runtime":484},"_runtime":484,"iteration":80,"max_utility_found":0.5774136781692505,"_timestamp":1.781181307230603e+09,"_step":80,"total_queries_asked":100}