{"total_queries_asked":70,"_wandb":{"runtime":173},"_runtime":173,"iteration":50,"max_utility_found":0.4751183092594147,"_timestamp":1.781116096822148e+09,"_step":50}