{"_runtime":8,"max_utility_found":0.9534452557563782,"_timestamp":1.7811867034189498e+09,"_step":1,"iteration":1,"total_queries_asked":21,"_wandb":{"runtime":8}}